Lycopodiophyta, Плауновидные, Lycopodiaceae, Плауновые, Lycopodiella inundata (L.) Holub , Плаунок топяной
Lycopodiophyta, Плауновидные, Lycopodiaceae, Плауновые, Lycopodium annotinum L., Плаун годичный
Lycopodiophyta, Плауновидные, Lycopodiaceae, Плауновые, Lycopodium clavatum L., Плаун булавовидный
Lycopodiophyta, Плауновидные, Lycopodiaceae, Плауновые, Lycopodium complanatum L., Плаун сплюснутый
Polypodiophyta, Папоротниковидные, Onocleaceae, Оноклеевые, Matteuccia strutiopteris (L.) Tod, Страусник обыкновенный
Polypodiophyta, Папоротниковидные, Ophioglossaceae, Ужовниковые, Botrychium lunaria (L.) Sw., Гроздовник полулунный
Polypodiophyta, Папоротниковидные, Ophioglossaceae, Ужовниковые, Botrychium multifidum (S.G. Gmel.) Rupr., Гроздовник многораздельный
Polypodiophyta, Папоротниковидные, Ophioglossaceae, Ужовниковые, Botrychium virginianum (L.) Sw., Гроздовник виргинский
Polypodiophyta, Папоротниковидные, Ophioglossaceae, Ужовниковые, Ophioglossum vulgatum L., Ужовник обыкновенный
Polypodiophyta, Папоротниковидные, Polypodiaceae, Многоножковые, Polypodium vulgare L., Многоножка обыкновенная
Gnetophyta, Гнетовидные, Ephedraceae, Эфедровые, Ephedra distachya L., Эфедра двухколосковая
Pinophyta, Голосеменные, Cupressaceae, Кипарисовые, Juniperus communis L., Можжевельник обыкновенный
Pinophyta, Голосеменные, Pinaceae, Сосновые, Pinus fominii Kondr. subsp. cretacea (Kalenicz.) L. Orlova, Сосна меловая
Magnoliophyta, Цветковые, Magnoliopsida, Двудольные, Umbelliferae, Зонтичные, Elaeosticta lutea, Элеостикта желтая
Magnoliophyta, Цветковые, Magnoliopsida, Двудольные, Umbelliferae, Зонтичные, Eriosynaphe longifolia (Fish. ex Spreng.) DC, Пушистоспайник длиннолистный
Magnoliophyta, Цветковые, Magnoliopsida, Двудольные, Umbelliferae, Зонтичные, Ferula caspica Bieb., Ферула каспийская
Magnoliophyta, Цветковые, Magnoliopsida, Двудольные, Umbelliferae, Зонтичные, Ferula tatarica Fisch. ex Spreng., Ферула татарская
Magnoliophyta, Цветковые, Magnoliopsida, Двудольные, Umbelliferae, Зонтичные, Ferulago galbanifera (Mill.) W.D.J. Koch, Ферульник смолоносный
Magnoliophyta, Цветковые, Magnoliopsida, Двудольные, Umbelliferae, Зонтичные, Laser trilobum (L.) Borkh., Лазурник трехлопастный
Magnoliophyta, Цветковые, Magnoliopsida, Двудольные, Umbelliferae, Зонтичные, Macroselinum latifolium (Bieb.) Schur, Макроселинум широколистный
Magnoliophyta, Цветковые, Magnoliopsida, Двудольные, Umbelliferae, Зонтичные, Pastinaca clausii (Ledeb.) M. Pimen., Пастернак Клауса
Magnoliophyta, Цветковые, Magnoliopsida, Двудольные, Umbelliferae, Зонтичные, Physospermum cornubiense (L.) DC., Вздутосемянник корнубийский
Magnoliophyta, Цветковые, Magnoliopsida, Двудольные, Umbelliferae, Зонтичные, Taeniopetalum arenarium (Waldst. et Kit.) V. Tichomirov, Лентолепестник песчаный
Magnoliophyta, Цветковые, Magnoliopsida, Двудольные, Umbelliferae, Зонтичные, Trinia kitaibelii Bieb., Триния Китайбеля
Magnoliophyta, Цветковые, Magnoliopsida, Двудольные, Asclepiadaceae, Ластовневые, Vincetoxicum intermedium Taliev, Ластовень промежуточный
Magnoliophyta, Цветковые, Magnoliopsida, Двудольные, Asclepiadaceae, Ластовневые, Vincetoxicum rossicum (Kleop.) Barbar., Ластовень русский
Magnoliophyta, Цветковые, Magnoliopsida, Двудольные, Asteraceae, Астровые, Artemisia armeniaca Lam., Полынь армянская
Magnoliophyta, Цветковые, Magnoliopsida, Двудольные, Asteraceae, Астровые, Artemisia hololeuca M. Bieb. ex Besser, Полынь беловойлочная
Magnoliophyta, Цветковые, Magnoliopsida, Двудольные, Asteraceae, Астровые, Artemisia latifolia Ledeb., Полынь широколистная
Magnoliophyta, Цветковые, Magnoliopsida, Двудольные, Asteraceae, Астровые, Artemisia salsoloides Willd., Полынь солянковидная
Magnoliophyta, Цветковые, Magnoliopsida, Двудольные, Asteraceae, Астровые, Artemisia sericea Web. ex Stechm., Полынь шелковистая
Magnoliophyta, Цветковые, Magnoliopsida, Двудольные, Asteraceae, Астровые, Centaurea orientalis L., Василек восточный
Magnoliophyta, Цветковые, Magnoliopsida, Двудольные, Asteraceae, Астровые, Centaurea pineticola Iljin, Василек боровой
Magnoliophyta, Цветковые, Magnoliopsida, Двудольные, Asteraceae, Астровые, Centaurea ruthenica Lam., Василек русский
Magnoliophyta, Цветковые, Magnoliopsida, Двудольные, Asteraceae, Астровые, Chartolepis intermedia Boiss., Хартолепис средний
Magnoliophyta, Цветковые, Magnoliopsida, Двудольные, Asteraceae, Астровые, Galatella angustissima (Tausch) Novopokr., Солонечник узколистный
Magnoliophyta, Цветковые, Magnoliopsida, Двудольные, Asteraceae, Астровые, Galatella biflora (L.) Nees, Солонечник двуцветковый
Magnoliophyta, Цветковые, Magnoliopsida, Двудольные, Asteraceae, Астровые, Galatella tatarica (Less.) Novopokr., Солонечник татарский
Magnoliophyta, Цветковые, Magnoliopsida, Двудольные, Asteraceae, Астровые, Inula oculus-christi L., Девясил глазковый
Magnoliophyta, Цветковые, Magnoliopsida, Двудольные, Asteraceae, Астровые, Jurinea multiflora (L.) B. Fedtsch., Наголоватка многоцветковая
Magnoliophyta, Цветковые, Magnoliopsida, Двудольные, Asteraceae, Астровые, Jurinea polyclonos (L.) DC., Наголоватка ветвистая
Magnoliophyta, Цветковые, Magnoliopsida, Двудольные, Asteraceae, Астровые, Rhaponticum serratuloides (Georgi) Bobr., Рапонтикум серпуховидный
Magnoliophyta, Цветковые, Magnoliopsida, Двудольные, Asteraceae, Астровые, Senecio paucifolius S.G. Gmel, Крестовник малолистный
Magnoliophyta, Цветковые, Magnoliopsida, Двудольные, Asteraceae, Астровые, Serratula cardunculus (Pall.) Schischk., Серпуха чертополоховая
Magnoliophyta, Цветковые, Magnoliopsida, Двудольные, Asteraceae, Астровые, Serratula erucifolia (L.) Boriss., Серпуха эруколистная
Magnoliophyta, Цветковые, Magnoliopsida, Двудольные, Asteraceae, Астровые, Tanacetum achilleifolium (Bieb.) Sch. Bip., Пижма тысячелистниковая
Magnoliophyta, Цветковые, Magnoliopsida, Двудольные, Boraginaceae, Бурачниковые, Aegonychon purpureo-caeruleum S.F. Gray., Эгонихон фиолетово-голубой
Magnoliophyta, Цветковые, Magnoliopsida, Двудольные, Boraginaceae, Бурачниковые, Anchusa ochroleuca Bieb. s.l., Воловик светло-желтый
Magnoliophyta, Цветковые, Magnoliopsida, Двудольные, Boraginaceae, Бурачниковые, Echium russicum S.G. Gmel., Синяк русский
Magnoliophyta, Цветковые, Magnoliopsida, Двудольные, Boraginaceae, Бурачниковые, Omphalodes scorpioides (Haenke) Schrank, Пупочник ползучий
Magnoliophyta, Цветковые, Magnoliopsida, Двудольные, Boraginaceae, Бурачниковые, Onosma polychroma Klok., Оносма многоцветная
Magnoliophyta, Цветковые, Magnoliopsida, Двудольные, Boraginaceae, Бурачниковые, Onosma tinctoria Bieb., Оносма красильная
Magnoliophyta, Цветковые, Magnoliopsida, Двудольные, Boraginaceae, Бурачниковые, Symphytum tauricum Willd., Окопник крымский
Magnoliophyta, Цветковые, Magnoliopsida, Двудольные, Cruciferae, Крестоцветные, Alyssum gmelinii Jord., Бурачок Гмелина
Magnoliophyta, Цветковые, Magnoliopsida, Двудольные, Cruciferae, Крестоцветные, Alyssum lenense Adams, Бурачок Ленский
Magnoliophyta, Цветковые, Magnoliopsida, Двудольные, Cruciferae, Крестоцветные, Clausia aprica (Steph.) Korn.-Tr., Клаусия солнцелюбивая
Magnoliophyta, Цветковые, Magnoliopsida, Двудольные, Cruciferae, Крестоцветные, Crambe tataria Sebeok, Катран татарский
Magnoliophyta, Цветковые, Magnoliopsida, Двудольные, Cruciferae, Крестоцветные, Dentaria quinquefolia Bieb., Зубянка пятилистная
Magnoliophyta, Цветковые, Magnoliopsida, Двудольные, Cruciferae, Крестоцветные, Erucastrum cretaceum Kotov, Рогачка меловая
Magnoliophyta, Цветковые, Magnoliopsida, Двудольные, Cruciferae, Крестоцветные, Erysimum cretaceum (Rupr.) Schmalh., Желтушник меловой
Magnoliophyta, Цветковые, Magnoliopsida, Двудольные, Cruciferae, Крестоцветные, Lepidium meyeri Claus, Клоповник Мейера
Magnoliophyta, Цветковые, Magnoliopsida, Двудольные, Cruciferae, Крестоцветные, Matthiola fragrans Bunge, Левкой душистый
Magnoliophyta, Цветковые, Magnoliopsida, Двудольные, Cruciferae, Крестоцветные, Schivereckia podolica (Bess.) Andrz. ex DC., Шиверекия подольская
Magnoliophyta, Цветковые, Magnoliopsida, Двудольные, Campanulaceae, Колокольчиковые, Adenophora lilifolia (L.) A. DC., Бубенчик лилиелистный
Magnoliophyta, Цветковые, Magnoliopsida, Двудольные, Campanulaceae, Колокольчиковые, Asyneuma canescens (Waldst. et Kit.) Griseb. et Schrenk, Азинеума сероватая
Magnoliophyta, Цветковые, Magnoliopsida, Двудольные, Campanulaceae, Колокольчиковые, Campanula cervicaria L., Колокольчик жестколистный
Magnoliophyta, Цветковые, Magnoliopsida, Двудольные, Caryophyllaceae, Гвоздиковые, Dianthus elongatus C.A. Mey, Гвоздика удлиненная
Magnoliophyta, Цветковые, Magnoliopsida, Двудольные, Caryophyllaceae, Гвоздиковые, Dianthus membranaceus Borb., Гвоздика перепончатая
Magnoliophyta, Цветковые, Magnoliopsida, Двудольные, Caryophyllaceae, Гвоздиковые, Dianthus pseudoarmeria Bieb., Гвоздика ложноармериевидная
Magnoliophyta, Цветковые, Magnoliopsida, Двудольные, Caryophyllaceae, Гвоздиковые, Dianthus squarrosus Bieb., Гвоздика растопыренная
Magnoliophyta, Цветковые, Magnoliopsida, Двудольные, Caryophyllaceae, Гвоздиковые, Dianthus superbus L., Гвоздика пышная
Magnoliophyta, Цветковые, Magnoliopsida, Двудольные, Caryophyllaceae, Гвоздиковые, Silene cretacea Fisch. ex Spreng., Смолевка меловая
Magnoliophyta, Цветковые, Magnoliopsida, Двудольные, Caryophyllaceae, Гвоздиковые, Silene supina Bieb., Смолевка приземистая
Magnoliophyta, Цветковые, Magnoliopsida, Двудольные, Ceratophyllaceae, Роголистниковые, Ceratophyllum tanaiticum Sapjeg., Роголистник донской
Magnoliophyta, Цветковые, Magnoliopsida, Двудольные, Chenopodiaceae, Маревые, Atriplex pedunculata L., Лебеда стебельчатая
Magnoliophyta, Цветковые, Magnoliopsida, Двудольные, Chenopodiaceae, Маревые, Camphorosma songorica Bunge, Камфоросма джунгарская
Magnoliophyta, Цветковые, Magnoliopsida, Двудольные, Chenopodiaceae, Маревые, Krascheninnikovia ceratoides (L.) Gueldenst., Терескен серый
Magnoliophyta, Цветковые, Magnoliopsida, Двудольные, Chenopodiaceae, Маревые, Petrosimonia triandra (Pall.) Simonk., Петросимония трехтычинковая
Magnoliophyta, Цветковые, Magnoliopsida, Двудольные, Chenopodiaceae, Маревые, Salicornia prostrata Pall., Солерос простертый
Magnoliophyta, Цветковые, Magnoliopsida, Двудольные, Chenopodiaceae, Маревые, Suaeda acuminata (C. A. Mey.) Moq., Сведа заостренная
Magnoliophyta, Цветковые, Magnoliopsida, Двудольные, Chenopodiaceae, Маревые, Suaeda prostrata Pall., Сведа стелющаяся
Magnoliophyta, Цветковые, Magnoliopsida, Двудольные, Cistaceae, Ладанниковые, Helianthemum canum (L.) Hornem., Солнцецвет седой
Magnoliophyta, Цветковые, Magnoliopsida, Двудольные, Cistaceae, Ладанниковые, Helianthemum cretaceum (Rupr.) Juz., Солнцецвет меловой
Magnoliophyta, Цветковые, Magnoliopsida, Двудольные, Convolvulaceae, Вьюнковые, Convolvolus lineatus L., Вьюнок линейчатый
Magnoliophyta, Цветковые, Magnoliopsida, Двудольные, Dipsacaceae, Ворсянковые, Cephalaria litvinovii Bobr., Головчатка Литвинова
Magnoliophyta, Цветковые, Magnoliopsida, Двудольные, Dipsacaceae, Ворсянковые, Scabiosa ucrainica L., Скабиоза украинская
Magnoliophyta, Цветковые, Magnoliopsida, Двудольные, Droseraceae, Росянковые, Aldrovanda vesiculosa L., Альдрованда пузырчатая
Magnoliophyta, Цветковые, Magnoliopsida, Двудольные, Droseraceae, Росянковые, Drosera rotundifolia L., Росянка круглолистная
Magnoliophyta, Цветковые, Magnoliopsida, Двудольные, Ericaceae, Вересковые, Calluna vulgaris (L.) Hull, Вереск обыкновенный
Magnoliophyta, Цветковые, Magnoliopsida, Двудольные, Ericaceae, Вересковые, Oxycoccus palustris Pers., Клюква болотная
Magnoliophyta, Цветковые, Magnoliopsida, Двудольные, Ericaceae, Вересковые, Vaccinium myrtillus L., Черника
Magnoliophyta, Цветковые, Magnoliopsida, Двудольные, Ericaceae, Вересковые, Vaccinium vitis-idaea L., Брусника
Magnoliophyta, Цветковые, Magnoliopsida, Двудольные, Fabaceae, Бобовые, Astragalus asper Jacq., Астрагал шершавый
Magnoliophyta, Цветковые, Magnoliopsida, Двудольные, Fabaceae, Бобовые, Astragalus cornutus Pall., Астрагал рогоплодный
Magnoliophyta, Цветковые, Magnoliopsida, Двудольные, Fabaceae, Бобовые, Astragalus dasyanthus Pall., Астрагал шерстистоцветковый
Magnoliophyta, Цветковые, Magnoliopsida, Двудольные, Fabaceae, Бобовые, Astragalus pubiflorus DC., Астрагал пушистоцветковый
Magnoliophyta, Цветковые, Magnoliopsida, Двудольные, Fabaceae, Бобовые, Astragalus rupifragus Pall., Астрагал камнеломковый
Magnoliophyta, Цветковые, Magnoliopsida, Двудольные, Fabaceae, Бобовые, Astragalus sulcatus L., Астрагал бороздчатый
Magnoliophyta, Цветковые, Magnoliopsida, Двудольные, Fabaceae, Бобовые, Asragalus testiculatus Pall., Астрагал яичкоплодный
Magnoliophyta, Цветковые, Magnoliopsida, Двудольные, Fabaceae, Бобовые, Chamaecytisus austriacus (L.) Link, Ракитник австрийский
Magnoliophyta, Цветковые, Magnoliopsida, Двудольные, Fabaceae, Бобовые, Chamaecytisus borysthenicus (Grun.) Klaskova, Ракитник днепровский
Magnoliophyta, Цветковые, Magnoliopsida, Двудольные, Fabaceae, Бобовые, Genista tanaitica P. Smirn., Дрок донской
Magnoliophyta, Цветковые, Magnoliopsida, Двудольные, Fabaceae, Бобовые, Hedysarum cretaceum Fich., Копеечник меловой
Magnoliophyta, Цветковые, Magnoliopsida, Двудольные, Fabaceae, Бобовые, Hedysarum grandiflorum Pall., Копеечник крупноцветковый
Magnoliophyta, Цветковые, Magnoliopsida, Двудольные, Fabaceae, Бобовые, Hedysarum ucrainicum Kaschm, Копеечник украинский
Magnoliophyta, Цветковые, Magnoliopsida, Двудольные, Fabaceae, Бобовые, Trifolium lupinaster L., Клевер люпиновый
Magnoliophyta, Цветковые, Magnoliopsida, Двудольные, Gentianaceae, Горечавковые, Gentiana cruciata L., Горечавка перекрестнолистная
Magnoliophyta, Цветковые, Magnoliopsida, Двудольные, Gentianaceae, Горечавковые, Gentiana pneumonanthe L., Горечавка легочная
Magnoliophyta, Цветковые, Magnoliopsida, Двудольные, Labiatae, Губоцветные, Ajuga laxmannii (L.) Benth., Живучка Лаксмана
Magnoliophyta, Цветковые, Magnoliopsida, Двудольные, Labiatae, Губоцветные, Dracocephalum ruyschiana L., Змееголовник Рюйша
Magnoliophyta, Цветковые, Magnoliopsida, Двудольные, Labiatae, Губоцветные, Hyssopus cretaceus Dubjan., Иссоп меловой
Magnoliophyta, Цветковые, Magnoliopsida, Двудольные, Labiatae, Губоцветные, Salvia aethiopis L., Шалфей эфиопский
Magnoliophyta, Цветковые, Magnoliopsida, Двудольные, Labiatae, Губоцветные, Scutellaria supina L., Шлемник приземистый
Magnoliophyta, Цветковые, Magnoliopsida, Двудольные, Lentibulariaceae, Пузырчатковые, Utricularia minor L., Пузырчатка малая
Magnoliophyta, Цветковые, Magnoliopsida, Двудольные, Limoniaceae, Кермековые, Goniolimon tataricum (L.) Boiss., Углостебельник татарский
Magnoliophyta, Цветковые, Magnoliopsida, Двудольные, Limoniaceae, Кермековые, Limonium bungei (Claus) Gamajun., Кермек Бунге
Magnoliophyta, Цветковые, Magnoliopsida, Двудольные, Limoniaceae, Кермековые, Limonium plathyphyllum Lincz., Кермек широколистный
Magnoliophyta, Цветковые, Magnoliopsida, Двудольные, Limoniaceae, Кермековые, Limonium sareptanum (A. Beck.) Gams., Кермек сарептский
Magnoliophyta, Цветковые, Magnoliopsida, Двудольные, Limoniaceae, Кермековые, Limonium tomentellum (Boiss.) O. Kuntze, Кермек опушенный
Magnoliophyta, Цветковые, Magnoliopsida, Двудольные, Linaceae, Льновые, Linum hirsutum L., Лен жестковолосистый
Magnoliophyta, Цветковые, Magnoliopsida, Двудольные, Paeoniaceae, Пионовые, Paeonia tenuifolia L., Пион тонколистный
Magnoliophyta, Цветковые, Magnoliopsida, Двудольные, Parnassiaceae, Белозоровые, Parnassia palustris L., Белозор болотный
Magnoliophyta, Цветковые, Magnoliopsida, Двудольные, Polemoniaceae, Синюховые, Polemonium coeruleum L., Синюха голубая
Magnoliophyta, Цветковые, Magnoliopsida, Двудольные, Primulaceae, Первоцветовые, Androsace koso-poljanskii Ovzc., Проломник Козо-Полянского
Magnoliophyta, Цветковые, Magnoliopsida, Двудольные, Primulaceae, Первоцветовые, Glaux maritima L., Млечник приморский
Magnoliophyta, Цветковые, Magnoliopsida, Двудольные, Primulaceae, Первоцветовые, Hottonia palustris L., Турча болотная
Magnoliophyta, Цветковые, Magnoliopsida, Двудольные, Primulaceae, Первоцветовые, Trientalis europaea L., Седмичник европейский
Magnoliophyta, Цветковые, Magnoliopsida, Двудольные, Pyrolaceae, Грушанковые, Chimaphila umbellata (L.) W. Barton, Зимолюбка зонтичная
Magnoliophyta, Цветковые, Magnoliopsida, Двудольные, Pyrolaceae, Грушанковые, Orthilia secunda (L.) House, Ортилия однобокая
Magnoliophyta, Цветковые, Magnoliopsida, Двудольные, Pyrolaceae, Грушанковые, Pyrola minor L., Грушанка малая
Magnoliophyta, Цветковые, Magnoliopsida, Двудольные, Pyrolaceae, Грушанковые, Pyrola rotundifolia L., Грушанка круглолистная
Magnoliophyta, Цветковые, Magnoliopsida, Двудольные, Ranunculaceae, Лютиковые, Aconitum lasiostomum Reichenb. ex Bess., Борец шерстистоустый
Magnoliophyta, Цветковые, Magnoliopsida, Двудольные, Ranunculaceae, Лютиковые, Aconitum nemorosum Bieb. ex Reichenb., Борец дубравный
Magnoliophyta, Цветковые, Magnoliopsida, Двудольные, Ranunculaceae, Лютиковые, Actaea spicata L., Воронец колосистый
Magnoliophyta, Цветковые, Magnoliopsida, Двудольные, Ranunculaceae, Лютиковые, Adonis vernalis L., Горицвет весенний
Magnoliophyta, Цветковые, Magnoliopsida, Двудольные, Ranunculaceae, Лютиковые, Adonis volgensis DC., Горицвет волжский
Magnoliophyta, Цветковые, Magnoliopsida, Двудольные, Ranunculaceae, Лютиковые, Clematis integrifolia L., Ломонос цельнолистный
Magnoliophyta, Цветковые, Magnoliopsida, Двудольные, Ranunculaceae, Лютиковые, Delphinium duhmbergii Huth, Живокость Думберга 
Magnoliophyta, Цветковые, Magnoliopsida, Двудольные, Ranunculaceae, Лютиковые, Delphinium litwinowii Sambuk, Живокость Литвинова
Magnoliophyta, Цветковые, Magnoliopsida, Двудольные, Ranunculaceae, Лютиковые, Delphinium aggr. cuneatum Stev. ex DC, Живокость клиновидная
Magnoliophyta, Цветковые, Magnoliopsida, Двудольные, Ranunculaceae, Лютиковые, Delphinium sergii Wissjul., Живокость Сергея
Magnoliophyta, Цветковые, Magnoliopsida, Двудольные, Ranunculaceae, Лютиковые, Pulsatilla patens (L.) Mill., Прострел раскрытый
Magnoliophyta, Цветковые, Magnoliopsida, Двудольные, Ranunculaceae, Лютиковые, Pulsatilla pratensis (L.) Mill. s.l., Прострел луговой
Magnoliophyta, Цветковые, Magnoliopsida, Двудольные, Ranunculaceae, Лютиковые, Trollius europaeus L., Купальница европейская
Magnoliophyta, Цветковые, Magnoliopsida, Двудольные, Rosaceae, Розоцветные, Amygdalus nana L., Миндаль низкий
Magnoliophyta, Цветковые, Magnoliopsida, Двудольные, Rosaceae, Розоцветные, Cotoneaster alaunicus Golitsin., Кизильник алаунский
Magnoliophyta, Цветковые, Magnoliopsida, Двудольные, Rosaceae, Розоцветные, Potentilla alba L., Лапчатка белая
Magnoliophyta, Цветковые, Magnoliopsida, Двудольные, Rosaceae, Розоцветные, Potentilla pimpinelloides L., Лапчатка бедренцоволистная
Magnoliophyta, Цветковые, Magnoliopsida, Двудольные, Rubiaceae, Мареновые, Asperula graveolens Bieb. ex Schult. et Schult. fil. s.l., Ясменник пахучий
Magnoliophyta, Цветковые, Magnoliopsida, Двудольные, Rutaceae, Рутовые, Dictamnus gymnostylis Stev., Ясенец голостолбиковый
Magnoliophyta, Цветковые, Magnoliopsida, Двудольные, Salicaceae, Ивовые, Salix lapponum L., Ива лопарская
Magnoliophyta, Цветковые, Magnoliopsida, Двудольные, Scrophulariaceae, Норичниковые, Linaria cretacea Fish. ex Spreng., Льнянка меловая
Magnoliophyta, Цветковые, Magnoliopsida, Двудольные, Scrophulariaceae, Норичниковые, Linaria odora (Bieb.) Fisch., Льнянка душистая
Magnoliophyta, Цветковые, Magnoliopsida, Двудольные, Scrophulariaceae, Норичниковые, Pedicularis dasystachys Schrenk, Мытник мохнатоколосый
Magnoliophyta, Цветковые, Magnoliopsida, Двудольные, Scrophulariaceae, Норичниковые, Pedicularis palustris L., Мытник болотный
Magnoliophyta, Цветковые, Magnoliopsida, Двудольные, Scrophulariaceae, Норичниковые, Scrophularia cretacea Fish. ex Spreng., Норичник меловой
Magnoliophyta, Цветковые, Magnoliopsida, Двудольные, Trapaceae, Рогульниковые, Trapa natans L. s.l., Рогульник
Magnoliophyta, Цветковые, Magnoliopsida, Двудольные, Urticaceae, Крапивные, Urtica kioviensis Rogow., Крапива киевская
Magnoliophyta, Цветковые, Liliopsida, Однодольные, Alliaceae, Луковые, Allium decipiens Fisch. ex Schult. et Schult. fil, Лук обманывающий
Magnoliophyta, Цветковые, Liliopsida, Однодольные, Alliaceae, Луковые, Allium globosum Bieb. ex Redoute, Лук шаровидный
Magnoliophyta, Цветковые, Liliopsida, Однодольные, Alliaceae, Луковые, Allium inaequale Janka, Лук неравный
Magnoliophyta, Цветковые, Liliopsida, Однодольные, Alliaceae, Луковые, Allium paczoskianum Tuzson, Лук Пачоского
Magnoliophyta, Цветковые, Liliopsida, Однодольные, Alliaceae, Луковые, Allium praescissum Reichenb., Лук предвиденный
Magnoliophyta, Цветковые, Liliopsida, Однодольные, Araceae, Ароидные, Calla palustris L., Белокрыльник болотный
Magnoliophyta, Цветковые, Liliopsida, Однодольные, Cyperaceae, Осоковые, Blysmus compressus (L.) Panz. ex Link, Блисмус сжатый
Magnoliophyta, Цветковые, Liliopsida, Однодольные, Cyperaceae, Осоковые, Carex bohemica Schreb., Осока богемская
Magnoliophyta, Цветковые, Liliopsida, Однодольные, Cyperaceae, Осоковые, Carex lasiocarpa Ehrh., Осока волосистоплодная
Magnoliophyta, Цветковые, Liliopsida, Однодольные, Cyperaceae, Осоковые, Carex limosa L., Осока топяная
Magnoliophyta, Цветковые, Liliopsida, Однодольные, Cyperaceae, Осоковые, Cyperus michelianus (L.) Delik, Сыть Микели
Magnoliophyta, Цветковые, Liliopsida, Однодольные, Cyperaceae, Осоковые, Eriophorum gracile Koch, Пушица стройная
Magnoliophyta, Цветковые, Liliopsida, Однодольные, Cyperaceae, Осоковые, Eriophorum latifolium Hoppe, Пушица широколистная
Magnoliophyta, Цветковые, Liliopsida, Однодольные, Cyperaceae, Осоковые, Eriophorum polystachyon L., Пушица многоколосковая
Magnoliophyta, Цветковые, Liliopsida, Однодольные, Cyperaceae, Осоковые, Eriophorum vaginatum L., Пушица влагалищная
Magnoliophyta, Цветковые, Liliopsida, Однодольные, Cyperaceae, Осоковые, Mariscus hamulosus (Bieb.) Hooper, Марискус крючковатый
Magnoliophyta, Цветковые, Liliopsida, Однодольные, Cyperaceae, Осоковые, Pycreus flavescens (L.) Reichb., Ситовник желтоватый
Magnoliophyta, Цветковые, Liliopsida, Однодольные, Cyperaceae, Осоковые, Scirpoides holoschoenus (L.) Sojak, Лжекамыш обыкновенный
Magnoliophyta, Цветковые, Liliopsida, Однодольные, Cyperaceae, Осоковые, Scirpus melanospermus C.A. Mey, Камыш черносемянный
Magnoliophyta, Цветковые, Liliopsida, Однодольные, Cyperaceae, Осоковые, Scirpus supinus L., Камыш приземиcтый
Magnoliophyta, Цветковые, Liliopsida, Однодольные, Hyacinthaceae, Гиацинтовые, Bellevalia sarmatica (Pall. ex Georgi) Woronov, Бельвалия сарматская
Magnoliophyta, Цветковые, Liliopsida, Однодольные, Hyacinthaceae, Гиацинтовые, Ornithogalum fischeranum Krasch., Птицемлечник Фишера
Magnoliophyta, Цветковые, Liliopsida, Однодольные, Hyacinthaceae, Гиацинтовые, Ornithogalum kochii Parl., Птицемлечник Коха
Magnoliophyta, Цветковые, Liliopsida, Однодольные, Iridaceae, Ирисовые, Crocus reticulatus Stev. ex Adam., Шафран сетчатый
Magnoliophyta, Цветковые, Liliopsida, Однодольные, Iridaceae, Ирисовые, Gladiolus tenuis Bieb., Шпажник тонкий
Magnoliophyta, Цветковые, Liliopsida, Однодольные, Iridaceae, Ирисовые, Iris aphylla L., Ирис безлистный
Magnoliophyta, Цветковые, Liliopsida, Однодольные, Iridaceae, Ирисовые, Iris arenaria Waldst. et Kit., Ирис песчаный
Magnoliophyta, Цветковые, Liliopsida, Однодольные, Iridaceae, Ирисовые, Iris halophila Pall., Ирис солелюбивый
Magnoliophyta, Цветковые, Liliopsida, Однодольные, Iridaceae, Ирисовые, Iris pumila L., Ирис карликовый
Magnoliophyta, Цветковые, Liliopsida, Однодольные, Liliaceae, Лилейные, Fritillaria meleagris L., Рябчик шахматный
Magnoliophyta, Цветковые, Liliopsida, Однодольные, Liliaceae, Лилейные, Fritillaria meleagroides Patrin ex Schult. et Schult. fil., Рябчик шахматовидный
Magnoliophyta, Цветковые, Liliopsida, Однодольные, Liliaceae, Лилейные, Fritillaria ruthenica Wikstr., Рябчик русский
Magnoliophyta, Цветковые, Liliopsida, Однодольные, Liliaceae, Лилейные, Gagea bulbifera (Pall.) Salisb., Гусиный лук луковиценосный
Magnoliophyta, Цветковые, Liliopsida, Однодольные, Liliaceae, Лилейные, Lilium martagon L., Лилия саранка
Magnoliophyta, Цветковые, Liliopsida, Однодольные, Liliaceae, Лилейные, Tulipa biebersteiniana Schult. et Schult. fil., Тюльпан Биберштейна
Magnoliophyta, Цветковые, Liliopsida, Однодольные, Liliaceae, Лилейные, Tulipa schrenkii Regel, Тюльпан Шренка
Magnoliophyta, Цветковые, Liliopsida, Однодольные, Melanthiaceae, Мелантиевые, Bulbocodium versicolor (Ker-Gawl.) Spreng., Брандушка разноцветная
Magnoliophyta, Цветковые, Liliopsida, Однодольные, Melanthiaceae, Мелантиевые, Veratrum nigrum L., Чемерица черная
Magnoliophyta, Цветковые, Liliopsida, Однодольные, Najadaceae, Наядовые, Caulinia minor (All.) Coss. et Germ., Каулиния малая
Magnoliophyta, Цветковые, Liliopsida, Однодольные, Orchidaceae, Орхидные, Cephalanthera rubra (L.) L. Rich., Пыльцеголовник красный
Magnoliophyta, Цветковые, Liliopsida, Однодольные, Orchidaceae, Орхидные, Сoeloglossum viride (L.) C. Hartm., Пололепестник зеленый
Magnoliophyta, Цветковые, Liliopsida, Однодольные, Orchidaceae, Орхидные, Corallorhiza trifida Chatel., Ладьян трехнадрезный
Magnoliophyta, Цветковые, Liliopsida, Однодольные, Orchidaceae, Орхидные, Dactylorhiza cruenta (O.F. Muell.) Soo, Пальчатокоренник кровавый
Magnoliophyta, Цветковые, Liliopsida, Однодольные, Orchidaceae, Орхидные, Dactylorhiza fuchsii (Druce) Soo, Пальчатокоренник Фукса
Magnoliophyta, Цветковые, Liliopsida, Однодольные, Orchidaceae, Орхидные, Dactylorhiza incarnata (L.) Soo, Пальчатокоренник мясокрасный
Magnoliophyta, Цветковые, Liliopsida, Однодольные, Orchidaceae, Орхидные, Dactylorhiza maculata (L.) Soo, Пальчатокоренник пятнистый
Magnoliophyta, Цветковые, Liliopsida, Однодольные, Orchidaceae, Орхидные, Epipactis atrorubens (Hoffm. exBernh.) Bess., Дремлик темно-красный
Magnoliophyta, Цветковые, Liliopsida, Однодольные, Orchidaceae, Орхидные, Epipactis helleborine (L.) Crantz, Дремлик чемерицевидный
Magnoliophyta, Цветковые, Liliopsida, Однодольные, Orchidaceae, Орхидные, Epipactis palustris (L.) Crantz, Дремлик болотный
Magnoliophyta, Цветковые, Liliopsida, Однодольные, Orchidaceae, Орхидные, Hammarbya paludosa (L.) O. Kuntze, Хаммарбия болотная
Magnoliophyta, Цветковые, Liliopsida, Однодольные, Orchidaceae, Орхидные, Liparis loeselii (L.) Rich., Лосняк Лезеля
Magnoliophyta, Цветковые, Liliopsida, Однодольные, Orchidaceae, Орхидные, Listera ovata (L.) R. Br., Тайник яйцевидный
Magnoliophyta, Цветковые, Liliopsida, Однодольные, Orchidaceae, Орхидные, Neottia nidus-avis (L.) Rich., Гнездовка настоящая
Magnoliophyta, Цветковые, Liliopsida, Однодольные, Orchidaceae, Орхидные, Orchis coriophora L., Ятрышник клопоносный
Magnoliophyta, Цветковые, Liliopsida, Однодольные, Orchidaceae, Орхидные, Orchis militaris L., Ятрышник шлемоносный
Magnoliophyta, Цветковые, Liliopsida, Однодольные, Orchidaceae, Орхидные, Orchis palustris Jacq., Ятрышник болотный
Magnoliophyta, Цветковые, Liliopsida, Однодольные, Orchidaceae, Орхидные, Platanthera bifolia (L.) Rich., Любка двулистная
Magnoliophyta, Цветковые, Liliopsida, Однодольные, Orchidaceae, Орхидные, Platanthera chlorantha (Cust.) Reichenb., Любка зеленоцветковая
Magnoliophyta, Цветковые, Liliopsida, Однодольные, Gramineae, Злаки, Bromopsis benekenii (Lange) Holub, Кострец Бенекена
Magnoliophyta, Цветковые, Liliopsida, Однодольные, Gramineae, Злаки, Crypsis aculeata (L.) Ait., Скрытница колючая
Magnoliophyta, Цветковые, Liliopsida, Однодольные, Gramineae, Злаки, Elytrigia pontica (Podp.) Holub, Пырей понтийский
Magnoliophyta, Цветковые, Liliopsida, Однодольные, Gramineae, Злаки, Elytrigia stipifolia (Czern. ex Nevski) Nevski, Пырей ковылелистный
Magnoliophyta, Цветковые, Liliopsida, Однодольные, Gramineae, Злаки, Helictotrichon desertorum (Less.) Nevski, Овсец пустынный
Magnoliophyta, Цветковые, Liliopsida, Однодольные, Gramineae, Злаки, Helictotrichon schellianum (Hack.) Kitag., Овсец Шелля
Magnoliophyta, Цветковые, Liliopsida, Однодольные, Gramineae, Злаки, Koeleria sclerophylla P. Smirm., Тонконог жестколистный
Magnoliophyta, Цветковые, Liliopsida, Однодольные, Gramineae, Злаки, Pholiurus pannonicus (Host) Trin., Чешуехвостник венгерский
Magnoliophyta, Цветковые, Liliopsida, Однодольные, Gramineae, Злаки, Poa versicolor Bess. s.l., Мятлик пестрый
Magnoliophyta, Цветковые, Liliopsida, Однодольные, Gramineae, Злаки, Psathyrostachys desertorum (Kar. et Kir.) Agaf., Ломкоколосник пустынный
Magnoliophyta, Цветковые, Liliopsida, Однодольные, Gramineae, Злаки, Stipa dasyphylla (Czern. ex Lindem.) Trautv., Ковыль опушеннолистный
Magnoliophyta, Цветковые, Liliopsida, Однодольные, Gramineae, Злаки, Stipa lessingiana Trin. et Rupr., Ковыль Лессинга
Magnoliophyta, Цветковые, Liliopsida, Однодольные, Gramineae, Злаки, Stipa pennata L., Ковыль перистый
Magnoliophyta, Цветковые, Liliopsida, Однодольные, Gramineae, Злаки, Stipa pulcherrima C. Koch, Ковыль красивейший
Magnoliophyta, Цветковые, Liliopsida, Однодольные, Gramineae, Злаки, Stipa tirsa Stev., Ковыль узколистный
Magnoliophyta, Цветковые, Liliopsida, Однодольные, Gramineae, Злаки, Stipa zalesskii Wilenskys.l, Ковыль Залесского
Magnoliophyta, Цветковые, Liliopsida, Однодольные, Potamogetonaceae, Рдестовые, Potamogeton acutifolius Link, Рдест остролистный
Magnoliophyta, Цветковые, Liliopsida, Однодольные, Potamogetonaceae, Рдестовые, Potamogeton obtusifolius Mert. et Koch., Рдест туполистный
Magnoliophyta, Цветковые, Liliopsida, Однодольные, Potamogetonaceae, Рдестовые, Potamogeton sarmaticus Maemets, Рдест сарматский
Magnoliophyta, Цветковые, Liliopsida, Однодольные, Scheuchzeriaceae, Шейхцериевые, Scheuchzeria palustris L., Шейхцерия болотная
Magnoliophyta, Цветковые, Liliopsida, Однодольные, Trilliaceae, Триллиевые, Paris quadrifolia L., Вороний глаз четырехлистный